question,expected_source,retrieval_top3,citation_valid,refused,answer_correct,answer
What are the six functions of the NIST Cybersecurity Framework 2.0,NIST.CSWP.29.pdf.pdf,Y,Y,N,Y,"The six functions of the NIST Cybersecurity Framework 2.0 are GOVERN, IDENTIFY, PROTECT, DETECT, RESPOND, and RECOVER [NIST.CSWP.29.pdf.pdf p.10]."
What is the Govern function,NIST.CSWP.29.pdf.pdf,Y,Y,N,Y,"According to [NIST.CSWP.29.pdf.pdf p.8], the GOVERN Function is defined as ""The organization’s cybersecurity risk management strategy, expectations, and policy are established, communicated, and monitored."" The GOVERN Function provides outcomes to inform what an organization may do to achieve and prioritize the outcomes of the other five Functions in the context of its mission and stakeholder expectations.  Furthermore, [NIST.CSWP.29.pdf.pdf p.16] states that the GOVERN Function supports organizational risk communication with executives, involving strategy discussions about how cybersecurity-related uncertainties might affect the achievement of organizational objectives.  Additionally, [NIST.CSWP.29.pdf.pdf p.29] explains that the GOVERN Function characterizes the rigor of an organization's cybersecurity risk governance practices and is used to determine the organization's tier level in the NIST Cybersecurity Framework (CSF) Tiers.  The GOVERN Function is also responsible for providing a framework for risk communication with executives, and its activities are critical for incorporating cybersecurity into an organization's broader enterprise risk management (ERM) strategy."
What is the Identify function,NIST.CSWP.29.pdf.pdf,Y,Y,N,Y,"The Identify function, as described in the NIST Cybersecurity Framework (CSF) 2.0, is a broad cybersecurity risk management activity that supports incident response. It involves understanding the organization's current cybersecurity risks and is supported by several categories. The Identify function includes the identification of assets, such as data, hardware, software, systems, facilities, services, and people, as well as understanding the organization's suppliers and related cybersecurity risks [NIST.CSWP.29.pdf.pdf p.23].   The Identify function has several subcategories, including Asset Management (ID.AM), which involves identifying and managing assets that enable the organization to achieve business purposes, and Risk Assessment (ID.RA), which involves understanding the cybersecurity risk to the organization, assets, and individuals [NIST.CSWP.29.pdf.pdf p.23].  The Identify function is also related to the receipt of cyber threat intelligence, the identification of internal and external threats, and the understanding of inherent risk and inform risk response prioritization [NIST.CSWP.29.pdf.pdf p.24]. It is essential to maintain accurate inventories of software, services, and systems, as well as assets, to support incident response and risk management [NIST.CSWP.29.pdf.pdf p.23].  Overall, the Identify function plays a critical role in supporting the overall cybersecurity risk management strategy and is closely related to the other functions in the CSF [NIST.SP.800-61r3.pdf p.25]."
What is the Protect function,NIST.CSWP.29.pdf.pdf,Y,Y,N,Y,"The PROTECT function is the fourth function of the NIST Cybersecurity Framework (CSF) 2.0, which involves safeguarding an organization's assets to prevent or lower the likelihood and impact of adverse cybersecurity events. It includes several categories and subcategories that focus on managing cybersecurity risks, such as identity management, authentication, access control, data security, platform security, and technology infrastructure resilience [NIST.CSWP.29.pdf.pdf p.9, p.24, p.25]. The PROTECT function is designed to support the organization's cybersecurity risk management strategy and protect assets from unauthorized access, use, and environmental threats [NIST.CSWP.29.pdf.pdf p.8]."
What is the Detect function,NIST.CSWP.29.pdf.pdf,Y,Y,N,Y,"The Detect function is the process of identifying and analyzing potential cybersecurity threats, compromising events, or other anomalies in an organization's assets, systems, and services, with the goal of enabling timely discovery and analysis of cybersecurity incidents [NIST.CSWP.29.pdf.pdf p.9]. This function encompasses all monitoring and analysis activities performed to find and characterize potentially adverse events, with the ultimate goal of identifying cybersecurity incidents [NIST.SP.800-61r3.pdf p.31]. The Detect function involves monitoring various assets, including networks and network services, computing hardware and software, runtime environments, and their data, as well as the physical environment, personnel activity, and technology usage [NIST.SP.800-61r3.pdf p.25]. The continuous monitoring activities are designed to identify potential malicious activities, including those that may have otherwise been considered benign [NIST.SP.800-61r3.pdf p.31]."
What is the Respond function in the framework,NIST.CSWP.29.pdf.pdf,N,Y,N,partial,"The Respond function in the framework is responsible for discovering, managing, prioritizing, containing, eradicating, and recovering from cybersecurity incidents, as well as performing incident reporting, notification, and other incident-related communications [NIST.SP.800-61r3.pdf p.13]."
What is the Recover function in the framework,NIST.CSWP.29.pdf.pdf,Y,Y,N,Y,"The Recover function in the NIST Cybersecurity Framework (CSF) 2.0 is responsible for restoring assets and operations affected by a cybersecurity incident [NIST.CSWP.29.pdf.pdf p.27]. This function supports the timely restoration of normal operations to reduce the effects of cybersecurity incidents and enable appropriate communication during recovery efforts [NIST.CSWP.29.pdf.pdf p.9]. According to the CSF, the Recover function is executed as part of the incident response process and involves verifying the integrity of restored assets, systems, and services, and restoring normal operating status [NIST.CSWP.29.pdf.pdf p.28]. The Recover function also ensures that recovery activities and progress are communicated to designated internal and external stakeholders, as well as sharing public updates on incident recovery [NIST.CSWP.29.pdf.pdf p.28]. Furthermore, the Recover function aims to restore assets and operations to a normal operating status, ensuring that all flaws and weaknesses can be remediated [NIST.SP.800-61r3.pdf p.41]. According to the CSF, during incident recovery, personnel restore systems to normal operations, confirm that the systems are functioning normally, and (if applicable) remediate vulnerabilities to prevent similar incidents [NIST.SP.800-61r3.pdf p.41]. High N1: High: During incident recovery, personnel restore systems to normal operations, confirm that the systems are functioning normally, and (if applicable) remediate vulnerabilities to prevent similar incidents."
What are framework profiles,NIST.CSWP.29.pdf.pdf,Y,Y,N,Y,"Framework profiles, also known as Organizational Profiles, are a mechanism for describing an organization's current and/or target cybersecurity posture in terms of the NIST Cybersecurity Framework (CSF) Core outcomes [NIST.CSWP.29.pdf.pdf p.11]. An Organizational Profile is a tool that helps organizations understand, tailor, assess, prioritize, and communicate the CSF Core outcomes, considering factors such as mission objectives, stakeholder expectations, threat landscape, and requirements [NIST.CSWP.29.pdf.pdf p.11]. It includes one or both of two components: a Current Profile, which specifies the Core outcomes the organization is currently achieving (or attempting to achieve) and characterizes how or to what extent each outcome is being achieved [NIST.CSWP.29.pdf.pdf p.11, p.13]; and a Target Profile, which specifies the desired outcomes that the organization has selected and prioritized for achieving its cybersecurity risk management objectives [NIST.CSWP.29.pdf.pdf p.11, p.12]."
What is the difference between a current profile and a target profile,NIST.CSWP.29.pdf.pdf,Y,Y,N,Y,"A Current Profile and a Target Profile are two components of an Organizational Profile in the NIST Cybersecurity Framework (CSF). The primary difference between the two is their focus and purpose.   A Current Profile specifies the Core outcomes that an organization is currently achieving (or attempting to achieve) and characterizes how or to what extent each outcome is being achieved [NIST.CSWP.29.pdf.pdf p.11]. On the other hand, a Target Profile specifies the desired outcomes that an organization has selected and prioritized for achieving its cybersecurity risk management objectives [NIST.CSWP.29.pdf.pdf p.11].  In essence, the Current Profile provides a snapshot of the organization's current cybersecurity posture, while the Target Profile represents the desired cybersecurity posture that the organization aims to achieve [NIST.CSWP.29.pdf.pdf p.12].   By comparing the Current and Target Profiles, an organization can identify the gaps and develop an action plan to address those gaps and move towards the Target Profile [NIST.CSWP.29.pdf.pdf p.12]."
What are framework tiers,NIST.CSWP.29.pdf.pdf,Y,Y,N,verify,"The NIST Cybersecurity Framework (CSF) 2.0 defines four framework tiers: Partial (Tier 1), Risk Informed (Tier 2), Repeatable (Tier 3), and Adaptive (Tier 4) [NIST.CSWP.29.pdf.pdf p.12]. These tiers characterize the rigor of an organization's cybersecurity risk governance and management practices, and provide context for how an organization views cybersecurity risks and the processes in place to manage those risks [NIST.CSWP.29.pdf.pdf p.12]. The tiers describe a progression from informal, ad hoc responses to approaches that are agile, risk-informed, and adaptive [NIST.CSWP.29.pdf.pdf p.12]."
What is incident response,NIST.SP.800-61r3.pdf,Y,N,N,partial,"Incident response is the systematic process of responding to and recovering from incidents, such as cybersecurity breaches or other types of disruptions [NIST.SP.800-61r3.pdf p.10]. The goal of incident response is to minimize the impact of the incident, reduce cybersecurity and enterprise risks, and restore normal operations as quickly as possible [NIST.SP.800-61r3.pdf p.10]. Effective incident response involves analyzing information, taking appropriate action, and continuously improving cybersecurity risk management [NIST.SP.800-61r3.pdf p.11]."
What publication does SP 800-61r3 supersede,NIST.SP.800-61r3.pdf,Y,N,N,verify,"According to the provided context, SP 800-61r3 supersedes NIST SP 800-61 Revision 2 (2012). [NIST.SP.800-61r3.pdf p.40]"
What preparation activities should an organization do before an incident,NIST.SP.800-61r3.pdf,Y,N,N,N,"According to NIST SP 800-61r3, before an incident, an organization should prepare by conducting various activities such as:   identifying improvements from the execution of operational processes, procedures, and activities  (Reference: NIST.SP.800-61r3.pdf p.27, ID.IM-03).   documenting and understanding the incident response policy and plan, including procedures  for responding to incidents, and processes for recovery efforts (Reference: NIST.SP.800-61r3.pdf p.34).   establishing incident response roles and responsibilities, including coordination with  internal and external stakeholders (Reference: NIST.SP.800-61r3.pdf p.14 and p.17, 2.2. Incident  Response Roles and Responsibilities, R1 and R2).   notifying and coordinating with stakeholders, including customers, business partners,  and others (Reference: NIST.SP.800-61r3.pdf p.10, High R1).   reviewing and understanding incident notification-related laws and regulations that  pertain to the organization's sectors, geographic locations, customer locations, and  any other characteristics that apply to the organization (Reference: NIST.SP.800-61r3.pdf  p.15, High R3).   documenting and understanding the incident response criteria, including applying incident  criteria to known and assumed characteristics of analyzed activity (Reference: NIST.SP.800-  61r3.pdf p.34, High R1, RS Actions).   preparing documentation for the incident, including actions performed during  investigation and root cause of the incident (Reference: NIST.CSWP.29.pdf.pdf p.27,  RS.AN-06 and RS.AN-07)."
What is the role of lessons learned after an incident,NIST.SP.800-61r3.pdf,Y,Y,N,Y,"The role of lessons learned after an incident is to provide an opportunity for review of what happened, what actions were taken, and how effective those actions were, as well as to hear from all stakeholders involved in the incident. This allows organizations to identify areas for improvement, implement changes, and continuously improve their incident response capabilities [NIST.SP.800-61r3.pdf p.27]. The lessons learned should be shared as soon as they are identified, not delayed until after recovery concludes, as continuous improvement is increasingly necessary for all facets of cybersecurity risk management [NIST.SP.800-61r3.pdf p.12]."
How do you write a chocolate chip cookie recipe,NONE,n/a,n/a,Y,Y,The provided documents do not contain this information.
What are categories and subcategories in the framework,NIST.CSWP.29.pdf.pdf,Y,Y,N,Y,"According to the NIST Cybersecurity Framework (CSF) 2.0, Categories and Subcategories are further divisions of the Functions in the CSF Core. [NIST.CSWP.29.pdf.pdf p.10]  Categories are groups of related cybersecurity outcomes that collectively comprise a CSF Function. [NIST.CSWP.29.pdf.pdf p.31]  Subcategories further divide each Category into more specific outcomes of technical and management activities. [NIST.CSWP.29.pdf.pdf p.10]  The CSF Core Functions are divided into Categories, which are then further divided into Subcategories. [NIST.CSWP.29.pdf.pdf p.7]  In other words, Categories are the second-level divisions of the CSF Core, and Subcategories are the third-level divisions, providing even more specific outcomes of technical and management activities. [NIST.CSWP.29.pdf.pdf p.10]  Recommendations, considerations, and notes made at a higher level of the CSF (Function or Category) also apply to their component elements (Categories or Subcategories). [NIST.SP.800-61r3.pdf p.18]  This hierarchical structure allows organizations to break down the CSF Core into smaller, more manageable components, making it easier to operationalize and implement the framework. [NIST.CSWP.29.pdf.pdf p.20]"
